{"cameraMode":{"drawMode":0,"name":"Shaded","section":"Shading Mode"},"sceneLighting":false,"audioPlay":false,"sceneViewState":{"showFog":true,"showMaterialUpdate":true,"showSkybox":true,"showFlares":true,"showImageEffects":true,"showParticleSystems":true},"in2DMode":false,"pivot":{"x":-23.296459197998048,"y":-9.805482864379883,"z":20.044092178344728},"rotation":{"x":-0.16076242923736573,"y":0.5104972720146179,"z":-0.09781326353549957,"w":-0.8390354514122009},"size":123.85884094238281,"orthographic":false}