{"cameraMode":{"drawMode":0,"name":"Shaded","section":"Shading Mode"},"sceneLighting":false,"audioPlay":false,"sceneViewState":{"showFog":true,"showMaterialUpdate":false,"showSkybox":true,"showFlares":true,"showImageEffects":true,"showParticleSystems":true},"in2DMode":false,"pivot":{"x":106.36951446533203,"y":-21.155439376831056,"z":-19.0003719329834},"rotation":{"x":0.20565234124660493,"y":-0.5134531259536743,"z":0.128264918923378,"w":0.8231872320175171},"size":3.6621828079223635,"orthographic":false}