{"cameraMode":{"drawMode":0,"name":"Shaded","section":"Shading Mode"},"sceneLighting":false,"audioPlay":false,"sceneViewState":{"showFog":true,"showMaterialUpdate":false,"showSkybox":false,"showFlares":true,"showImageEffects":true,"showParticleSystems":true},"in2DMode":false,"pivot":{"x":-3.5420002937316896,"y":0.3035786747932434,"z":-3.9489998817443849},"rotation":{"x":0.22632792592048646,"y":-0.7512147426605225,"z":0.3201830983161926,"w":0.5309921503067017},"size":3.171239137649536,"orthographic":false}