{"cameraMode":{"drawMode":0,"name":"Shaded","section":"Shading Mode"},"sceneLighting":true,"audioPlay":false,"sceneViewState":{"showFog":true,"showMaterialUpdate":false,"showSkybox":true,"showFlares":true,"showImageEffects":true,"showParticleSystems":true},"in2DMode":false,"pivot":{"x":-731.58935546875,"y":-1311.740234375,"z":727.19970703125},"rotation":{"x":0.22149032354354859,"y":-0.2370915710926056,"z":0.05561292544007301,"w":0.9442660808563232},"size":6268.3310546875,"orthographic":false}