{"cameraMode":{"drawMode":0,"name":"Shaded","section":"Shading Mode"},"sceneLighting":false,"audioPlay":false,"sceneViewState":{"showFog":true,"showMaterialUpdate":false,"showSkybox":false,"showFlares":true,"showImageEffects":true,"showParticleSystems":true},"in2DMode":false,"pivot":{"x":0.0028860270977020265,"y":0.00919065810739994,"z":-0.000027019530534744263},"rotation":{"x":0.3207095265388489,"y":-0.3971368372440338,"z":0.15043383836746217,"w":0.8466435670852661},"size":0.4847744405269623,"orthographic":false}