{"cameraMode":{"drawMode":0,"name":"Shaded","section":"Shading Mode"},"sceneLighting":true,"audioPlay":false,"sceneViewState":{"showFog":true,"showMaterialUpdate":false,"showSkybox":false,"showFlares":true,"showImageEffects":true,"showParticleSystems":true},"in2DMode":false,"pivot":{"x":2.7132821083068849,"y":10.020706176757813,"z":6.152054309844971},"rotation":{"x":0.1504077911376953,"y":-0.8423017263412476,"z":0.4213232398033142,"w":0.30070656538009646},"size":11.037586212158204,"orthographic":false}