{"cameraMode":{"drawMode":0,"name":"Shaded","section":"Shading Mode"},"sceneLighting":false,"audioPlay":false,"sceneViewState":{"showFog":true,"showMaterialUpdate":false,"showSkybox":true,"showFlares":true,"showImageEffects":true,"showParticleSystems":true},"in2DMode":false,"pivot":{"x":-147.44410705566407,"y":-472.70635986328127,"z":-207.024658203125},"rotation":{"x":-0.17609550058841706,"y":0.8236640691757202,"z":-0.36991387605667117,"w":-0.39211511611938479},"size":599.5968627929688,"orthographic":false}