{"cameraMode":{"drawMode":0,"name":"Shaded","section":"Shading Mode"},"sceneLighting":false,"audioPlay":false,"sceneViewState":{"showFog":true,"showMaterialUpdate":false,"showSkybox":false,"showFlares":true,"showImageEffects":true,"showParticleSystems":true},"in2DMode":false,"pivot":{"x":-1.0927085876464844,"y":0.17187726497650147,"z":1.7589733600616456},"rotation":{"x":-0.13525044918060304,"y":0.834465742111206,"z":-0.23526440560817719,"w":-0.4796603322029114},"size":2.1240410804748537,"orthographic":false}