{"cameraMode":{"drawMode":0,"name":"Shaded","section":"Shading Mode"},"sceneLighting":true,"audioPlay":false,"sceneViewState":{"showFog":true,"showMaterialUpdate":false,"showSkybox":true,"showFlares":true,"showImageEffects":true,"showParticleSystems":true},"in2DMode":false,"pivot":{"x":-35.43801498413086,"y":599.5899658203125,"z":24.837860107421876},"rotation":{"x":-0.00930817425251007,"y":0.0036321161314845087,"z":-0.0001470588322263211,"w":-0.9999788403511047},"size":171.54177856445313,"orthographic":false}