{"cameraMode":{"drawMode":0,"name":"Shaded","section":"Shading Mode"},"sceneLighting":false,"audioPlay":false,"sceneViewState":{"showFog":true,"showMaterialUpdate":false,"showSkybox":true,"showFlares":true,"showImageEffects":true,"showParticleSystems":true},"in2DMode":false,"pivot":{"x":625.560791015625,"y":240.0662384033203,"z":-406.5652770996094},"rotation":{"x":-0.0020908282604068519,"y":0.007809593342244625,"z":0.00002811023296089843,"w":0.9999859929084778},"size":800.037353515625,"orthographic":false}