{"cameraMode":{"drawMode":0,"name":"Shaded","section":"Shading Mode"},"sceneLighting":false,"audioPlay":false,"sceneViewState":{"showFog":true,"showMaterialUpdate":false,"showSkybox":true,"showFlares":true,"showImageEffects":true,"showParticleSystems":true},"in2DMode":false,"pivot":{"x":163.61895751953126,"y":277.299072265625,"z":-82.26739501953125},"rotation":{"x":0.11072634160518646,"y":0.3218122720718384,"z":-0.037925392389297488,"w":0.9395444393157959},"size":963.8754272460938,"orthographic":false}