{"cameraMode":{"drawMode":0,"name":"Shaded","section":"Shading Mode"},"sceneLighting":false,"audioPlay":false,"sceneViewState":{"showFog":true,"showMaterialUpdate":false,"showSkybox":true,"showFlares":true,"showImageEffects":true,"showParticleSystems":true},"in2DMode":false,"pivot":{"x":-504.9560546875,"y":-424.4864501953125,"z":-1034.6854248046875},"rotation":{"x":-0.0926222875714302,"y":0.8333958983421326,"z":-0.14698098599910737,"w":-0.5247238874435425},"size":438.7122497558594,"orthographic":false}