{"cameraMode":{"drawMode":0,"name":"Shaded","section":"Shading Mode"},"sceneLighting":true,"audioPlay":false,"sceneViewState":{"showFog":true,"showMaterialUpdate":false,"showSkybox":true,"showFlares":true,"showImageEffects":true,"showParticleSystems":true},"in2DMode":false,"pivot":{"x":909.4894409179688,"y":184.9701385498047,"z":-1066.5665283203125},"rotation":{"x":0.02444315329194069,"y":-0.9455187916755676,"z":-0.0727229192852974,"w":-0.3165428340435028},"size":1414.104736328125,"orthographic":false}