{"cameraMode":{"drawMode":0,"name":"Shaded","section":"Shading Mode"},"sceneLighting":false,"audioPlay":false,"sceneViewState":{"showFog":true,"showMaterialUpdate":false,"showSkybox":false,"showFlares":true,"showImageEffects":true,"showParticleSystems":true},"in2DMode":false,"pivot":{"x":5.960464477539063e-8,"y":-5.960464477539063e-8,"z":4.389999866485596},"rotation":{"x":-0.03266401216387749,"y":0.9291606545448303,"z":-0.35836827754974368,"w":-0.08469440788030625},"size":5.376720905303955,"orthographic":false}