{"cameraMode":{"drawMode":0,"name":"Shaded","section":"Shading Mode"},"sceneLighting":false,"audioPlay":false,"sceneViewState":{"showFog":true,"showMaterialUpdate":false,"showSkybox":false,"showFlares":true,"showImageEffects":true,"showParticleSystems":true},"in2DMode":false,"pivot":{"x":-4.30116081237793,"y":22.199172973632814,"z":-10.7555570602417},"rotation":{"x":-0.005638410337269306,"y":-0.8936207890510559,"z":-0.011258555576205254,"w":0.448665976524353},"size":29.35940933227539,"orthographic":false}