{"cameraMode":{"drawMode":0,"name":"Shaded","section":"Shading Mode"},"sceneLighting":false,"audioPlay":false,"sceneViewState":{"showFog":true,"showMaterialUpdate":false,"showSkybox":true,"showFlares":true,"showImageEffects":true,"showParticleSystems":true},"in2DMode":false,"pivot":{"x":427.9532470703125,"y":188.31015014648438,"z":-53.8265266418457},"rotation":{"x":0.21713727712631226,"y":0.0322272814810276,"z":-0.007142197340726852,"w":0.9755984544754028},"size":503.8687744140625,"orthographic":false}