{"cameraMode":{"drawMode":0,"name":"Shaded","section":"Shading Mode"},"sceneLighting":false,"audioPlay":false,"sceneViewState":{"showFog":true,"showMaterialUpdate":false,"showSkybox":true,"showFlares":true,"showImageEffects":true,"showParticleSystems":true},"in2DMode":false,"pivot":{"x":-183.73422241210938,"y":-504.93426513671877,"z":-69.30953979492188},"rotation":{"x":0.32037246227264407,"y":-0.6588360667228699,"z":0.3690544366836548,"w":0.5719327330589294},"size":574.9411010742188,"orthographic":false}