{"cameraMode":{"drawMode":0,"name":"Shaded","section":"Shading Mode"},"sceneLighting":true,"audioPlay":false,"sceneViewState":{"showFog":true,"showMaterialUpdate":false,"showSkybox":true,"showFlares":true,"showImageEffects":true,"showParticleSystems":true},"in2DMode":false,"pivot":{"x":-621.4071044921875,"y":-415.4116516113281,"z":1226.1495361328125},"rotation":{"x":0.18113918602466584,"y":0.8042463660240173,"z":-0.3060780465602875,"w":0.4762018620967865},"size":97.1709213256836,"orthographic":false}