{"cameraMode":{"drawMode":0,"name":"Shaded","section":"Shading Mode"},"sceneLighting":false,"audioPlay":false,"sceneViewState":{"showFog":true,"showMaterialUpdate":false,"showSkybox":true,"showFlares":true,"showImageEffects":true,"showParticleSystems":true},"in2DMode":false,"pivot":{"x":833.65478515625,"y":618.5942993164063,"z":-476.43505859375},"rotation":{"x":-0.010470977984368801,"y":0.9806110262870789,"z":-0.18819142878055573,"w":-0.054213982075452808},"size":1328.828125,"orthographic":false}