{"cameraMode":{"drawMode":0,"name":"Shaded","section":"Shading Mode"},"sceneLighting":false,"audioPlay":false,"sceneViewState":{"showFog":true,"showMaterialUpdate":false,"showSkybox":true,"showFlares":true,"showImageEffects":true,"showParticleSystems":true},"in2DMode":false,"pivot":{"x":22.25604248046875,"y":50.385353088378909,"z":114.97566223144531},"rotation":{"x":-0.10429704934358597,"y":0.5227071642875671,"z":-0.06463298946619034,"w":-0.843641459941864},"size":516.4864501953125,"orthographic":false}