{"cameraMode":{"drawMode":0,"name":"Shaded","section":"Shading Mode"},"sceneLighting":false,"audioPlay":false,"sceneViewState":{"showFog":true,"showMaterialUpdate":false,"showSkybox":false,"showFlares":true,"showImageEffects":true,"showParticleSystems":true},"in2DMode":false,"pivot":{"x":-0.21436548233032227,"y":0.1447131633758545,"z":-0.04379379749298096},"rotation":{"x":-0.03266401216387749,"y":0.9291606545448303,"z":-0.35836827754974368,"w":-0.08469440788030625},"size":7.8377685546875,"orthographic":false}