{"cameraMode":{"drawMode":0,"name":"Shaded","section":"Shading Mode"},"sceneLighting":false,"audioPlay":false,"sceneViewState":{"showFog":true,"showMaterialUpdate":false,"showSkybox":false,"showFlares":true,"showImageEffects":true,"showParticleSystems":true},"in2DMode":false,"pivot":{"x":-0.20170849561691285,"y":0.23617279529571534,"z":0.14511191844940186},"rotation":{"x":-0.03266401216387749,"y":0.9291606545448303,"z":-0.35836827754974368,"w":-0.08469440788030625},"size":4.62323522567749,"orthographic":false}