{"cameraMode":{"drawMode":0,"name":"Shaded","section":"Shading Mode"},"sceneLighting":false,"audioPlay":false,"sceneViewState":{"showFog":true,"showMaterialUpdate":false,"showSkybox":true,"showFlares":true,"showImageEffects":true,"showParticleSystems":true},"in2DMode":false,"pivot":{"x":90.14378356933594,"y":-311.4535217285156,"z":-166.4740753173828},"rotation":{"x":-0.036730896681547168,"y":0.8512495756149292,"z":-0.5200441479682922,"w":-0.060123901814222339},"size":336.5611267089844,"orthographic":false}