{"cameraMode":{"drawMode":0,"name":"Shaded","section":"Shading Mode"},"sceneLighting":false,"audioPlay":false,"sceneViewState":{"showFog":true,"showMaterialUpdate":false,"showSkybox":false,"showFlares":true,"showImageEffects":true,"showParticleSystems":true},"in2DMode":false,"pivot":{"x":-1.9539998769760132,"y":0.17004728317260743,"z":6.763000011444092},"rotation":{"x":-0.03266401216387749,"y":0.9291606545448303,"z":-0.35836827754974368,"w":-0.08469440788030625},"size":1.62078058719635,"orthographic":false}