{"cameraMode":{"drawMode":0,"name":"Shaded","section":"Shading Mode"},"sceneLighting":false,"audioPlay":false,"sceneViewState":{"showFog":true,"showMaterialUpdate":false,"showSkybox":true,"showFlares":true,"showImageEffects":true,"showParticleSystems":true},"in2DMode":false,"pivot":{"x":114.34691619873047,"y":-24.62736701965332,"z":-13.908126831054688},"rotation":{"x":0.16337604820728303,"y":0.4680558741092682,"z":-0.08851169049739838,"w":0.8639436960220337},"size":18.627307891845704,"orthographic":false}