{"cameraMode":{"drawMode":0,"name":"Shaded","section":"Shading Mode"},"sceneLighting":false,"audioPlay":false,"sceneViewState":{"showFog":true,"showMaterialUpdate":false,"showSkybox":true,"showFlares":true,"showImageEffects":true,"showParticleSystems":true},"in2DMode":false,"pivot":{"x":624.1473999023438,"y":-316.5383605957031,"z":840.2481689453125},"rotation":{"x":0.09723513573408127,"y":0.7775683999061585,"z":0.12419617921113968,"w":-0.6087204813957214},"size":2.0830347537994386,"orthographic":false}