{"cameraMode":{"drawMode":0,"name":"Shaded","section":"Shading Mode"},"sceneLighting":false,"audioPlay":false,"sceneViewState":{"showFog":true,"showMaterialUpdate":false,"showSkybox":false,"showFlares":true,"showImageEffects":true,"showParticleSystems":true},"in2DMode":false,"pivot":{"x":3.2297613620758058,"y":0.25759947299957278,"z":-2.321298837661743},"rotation":{"x":-0.03266401216387749,"y":0.9291606545448303,"z":-0.35836827754974368,"w":-0.08469440788030625},"size":2.2715468406677248,"orthographic":false}