{"cameraMode":{"drawMode":0,"name":"Shaded","section":"Shading Mode"},"sceneLighting":false,"audioPlay":false,"sceneViewState":{"showFog":true,"showMaterialUpdate":false,"showSkybox":true,"showFlares":true,"showImageEffects":true,"showParticleSystems":true},"in2DMode":false,"pivot":{"x":2.6734859943389894,"y":47.647727966308597,"z":-65.62165069580078},"rotation":{"x":-0.31180086731910708,"y":-0.4816773235797882,"z":0.18843546509742738,"w":-0.7970408201217651},"size":21.010000228881837,"orthographic":false}