{"cameraMode":{"drawMode":0,"name":"Shaded","section":"Shading Mode"},"sceneLighting":false,"audioPlay":false,"sceneViewState":{"showFog":true,"showMaterialUpdate":false,"showSkybox":false,"showFlares":true,"showImageEffects":true,"showParticleSystems":true},"in2DMode":false,"pivot":{"x":0.014927886426448822,"y":0.004477739334106445,"z":0.00008720718324184418},"rotation":{"x":0.3207095265388489,"y":-0.3971368372440338,"z":0.15043383836746217,"w":0.8466435670852661},"size":0.28897228837013247,"orthographic":false}