{"cameraMode":{"drawMode":0,"name":"Shaded","section":"Shading Mode"},"sceneLighting":false,"audioPlay":false,"sceneViewState":{"showFog":true,"showMaterialUpdate":false,"showSkybox":true,"showFlares":true,"showImageEffects":true,"showParticleSystems":true},"in2DMode":false,"pivot":{"x":222.57400512695313,"y":-97.40687561035156,"z":-42.65388488769531},"rotation":{"x":0.17735403776168824,"y":0.24002909660339356,"z":-0.0446266308426857,"w":0.953434407711029},"size":308.0307922363281,"orthographic":false}