{"cameraMode":{"drawMode":0,"name":"Shaded","section":"Shading Mode"},"sceneLighting":false,"audioPlay":false,"sceneViewState":{"showFog":true,"showMaterialUpdate":false,"showSkybox":false,"showFlares":true,"showImageEffects":true,"showParticleSystems":true},"in2DMode":false,"pivot":{"x":-0.18549281358718873,"y":-1.6940487623214722,"z":0.640369176864624},"rotation":{"x":0.02917846292257309,"y":-0.9547818303108215,"z":0.27848199009895327,"w":0.1000385656952858},"size":3.5648014545440676,"orthographic":false}