{"cameraMode":{"drawMode":0,"name":"Shaded","section":"Shading Mode"},"sceneLighting":false,"audioPlay":false,"sceneViewState":{"showFog":true,"showMaterialUpdate":false,"showSkybox":true,"showFlares":true,"showImageEffects":true,"showParticleSystems":true},"in2DMode":false,"pivot":{"x":530.0978393554688,"y":353.16259765625,"z":14.7901611328125},"rotation":{"x":0.041385550051927569,"y":-0.005994811188429594,"z":0.00024832721101120114,"w":0.9991253018379211},"size":695.344970703125,"orthographic":false}