{"cameraMode":{"drawMode":0,"name":"Shaded","section":"Shading Mode"},"sceneLighting":false,"audioPlay":false,"sceneViewState":{"showFog":true,"showMaterialUpdate":false,"showSkybox":true,"showFlares":true,"showImageEffects":true,"showParticleSystems":true},"in2DMode":false,"pivot":{"x":339.4915771484375,"y":130.82315063476563,"z":-139.04852294921876},"rotation":{"x":-0.1580105870962143,"y":-0.17003203928470612,"z":0.027698708698153497,"w":-0.972327709197998},"size":777.75390625,"orthographic":false}