{"cameraMode":{"drawMode":0,"name":"Shaded","section":"Shading Mode"},"sceneLighting":true,"audioPlay":false,"sceneViewState":{"showFog":true,"showMaterialUpdate":false,"showSkybox":false,"showFlares":true,"showImageEffects":true,"showParticleSystems":true},"in2DMode":false,"pivot":{"x":12.767568588256836,"y":8.444053649902344,"z":2.2805049419403078},"rotation":{"x":-0.22055001556873322,"y":0.5505215525627136,"z":-0.15360045433044434,"w":-0.790386438369751},"size":15.701117515563965,"orthographic":false}