{"cameraMode":{"drawMode":0,"name":"Shaded","section":"Shading Mode"},"sceneLighting":false,"audioPlay":false,"sceneViewState":{"showFog":true,"showMaterialUpdate":false,"showSkybox":true,"showFlares":true,"showImageEffects":true,"showParticleSystems":true},"in2DMode":false,"pivot":{"x":104.40856170654297,"y":-40.66822052001953,"z":-126.32514953613281},"rotation":{"x":-0.03879684582352638,"y":-0.9546785354614258,"z":0.14369775354862214,"w":-0.2577546536922455},"size":4.885961532592773,"orthographic":false}