{"cameraMode":{"drawMode":0,"name":"Shaded","section":"Shading Mode"},"sceneLighting":false,"audioPlay":false,"sceneViewState":{"showFog":true,"showMaterialUpdate":false,"showSkybox":false,"showFlares":true,"showImageEffects":true,"showParticleSystems":true},"in2DMode":false,"pivot":{"x":0.0,"y":0.5992559790611267,"z":2.9802322387695315e-8},"rotation":{"x":0.17804203927516938,"y":0.4407651424407959,"z":-0.08971930295228958,"w":0.8752295970916748},"size":2.8137764930725099,"orthographic":false}