{"cameraMode":{"drawMode":0,"name":"Shaded","section":"Shading Mode"},"sceneLighting":false,"audioPlay":false,"sceneViewState":{"showFog":true,"showMaterialUpdate":false,"showSkybox":true,"showFlares":true,"showImageEffects":true,"showParticleSystems":true},"in2DMode":false,"pivot":{"x":103.92586517333985,"y":-37.72416305541992,"z":-120.85275268554688},"rotation":{"x":0.01633177138864994,"y":0.9814714789390564,"z":-0.16403266787528993,"w":0.09776531159877777},"size":20.786714553833009,"orthographic":false}