{"cameraMode":{"drawMode":0,"name":"Shaded","section":"Shading Mode"},"sceneLighting":false,"audioPlay":false,"sceneViewState":{"showFog":true,"showMaterialUpdate":false,"showSkybox":false,"showFlares":true,"showImageEffects":true,"showParticleSystems":true},"in2DMode":false,"pivot":{"x":5.960464477539063e-8,"y":0.23013849556446076,"z":2.2250001430511476},"rotation":{"x":-0.17190691828727723,"y":0.14218617975711823,"z":-0.025068040937185289,"w":-0.9744853377342224},"size":3.8033204078674318,"orthographic":false}