{"cameraMode":{"drawMode":0,"name":"Shaded","section":"Shading Mode"},"sceneLighting":false,"audioPlay":false,"sceneViewState":{"showFog":true,"showMaterialUpdate":false,"showSkybox":true,"showFlares":true,"showImageEffects":true,"showParticleSystems":true},"in2DMode":false,"pivot":{"x":1075.946044921875,"y":544.926513671875,"z":-779.69384765625},"rotation":{"x":-0.1558186113834381,"y":0.7844470143318176,"z":-0.21863120794296266,"w":-0.5590760707855225},"size":1092.1688232421875,"orthographic":false}