{"cameraMode":{"drawMode":0,"name":"Shaded","section":"Shading Mode"},"sceneLighting":true,"audioPlay":false,"sceneViewState":{"showFog":true,"showMaterialUpdate":false,"showSkybox":false,"showFlares":true,"showImageEffects":true,"showParticleSystems":true},"in2DMode":false,"pivot":{"x":1.6456702947616578,"y":1.7347347736358643,"z":3.4461681842803957},"rotation":{"x":0.294010728597641,"y":-0.5145331621170044,"z":0.19357267022132874,"w":0.7819201946258545},"size":15.201484680175782,"orthographic":false}