{"cameraMode":{"drawMode":0,"name":"Shaded","section":"Shading Mode"},"sceneLighting":false,"audioPlay":false,"sceneViewState":{"showFog":true,"showMaterialUpdate":false,"showSkybox":true,"showFlares":true,"showImageEffects":true,"showParticleSystems":true},"in2DMode":false,"pivot":{"x":567.7694702148438,"y":257.42938232421877,"z":24.204345703125},"rotation":{"x":0.11136284470558167,"y":0.008957942947745324,"z":-0.001012986060231924,"w":0.9937495589256287},"size":829.2532958984375,"orthographic":false}