{"cameraMode":{"drawMode":0,"name":"Shaded","section":"Shading Mode"},"sceneLighting":false,"audioPlay":false,"sceneViewState":{"showFog":true,"showMaterialUpdate":false,"showSkybox":true,"showFlares":true,"showImageEffects":true,"showParticleSystems":true},"in2DMode":false,"pivot":{"x":119.90023803710938,"y":-28.2933349609375,"z":-28.664697647094728},"rotation":{"x":0.13573256134986878,"y":0.849604606628418,"z":-0.2647757828235626,"w":0.4355179965496063},"size":6.183980941772461,"orthographic":false}