{"cameraMode":{"drawMode":0,"name":"Shaded","section":"Shading Mode"},"sceneLighting":false,"audioPlay":false,"sceneViewState":{"showFog":true,"showMaterialUpdate":false,"showSkybox":true,"showFlares":true,"showImageEffects":true,"showParticleSystems":true},"in2DMode":false,"pivot":{"x":104.09252166748047,"y":-19.320640563964845,"z":-12.795775413513184},"rotation":{"x":-0.13280756771564485,"y":0.7504172325134277,"z":-0.15878410637378694,"w":-0.6277214288711548},"size":12.495466232299805,"orthographic":false}