{"cameraMode":{"drawMode":0,"name":"Shaded","section":"Shading Mode"},"sceneLighting":true,"audioPlay":false,"sceneViewState":{"showFog":true,"showMaterialUpdate":false,"showSkybox":true,"showFlares":true,"showImageEffects":true,"showParticleSystems":true},"in2DMode":false,"pivot":{"x":3.691746234893799,"y":11.907658576965332,"z":-9.355628967285157},"rotation":{"x":0.002464812248945236,"y":0.9920269250869751,"z":-0.1244615837931633,"w":0.019645515829324724},"size":43.15842819213867,"orthographic":false}