{"cameraMode":{"drawMode":0,"name":"Shaded","section":"Shading Mode"},"sceneLighting":false,"audioPlay":false,"sceneViewState":{"showFog":true,"showMaterialUpdate":false,"showSkybox":false,"showFlares":true,"showImageEffects":true,"showParticleSystems":true},"in2DMode":false,"pivot":{"x":0.016521811485290529,"y":0.0415305532515049,"z":0.04949352890253067},"rotation":{"x":0.11454618722200394,"y":0.88277268409729,"z":-0.28018614649772646,"w":0.3594776690006256},"size":1.406812310218811,"orthographic":false}