{"cameraMode":{"drawMode":0,"name":"Shaded","section":"Shading Mode"},"sceneLighting":false,"audioPlay":false,"sceneViewState":{"showFog":true,"showMaterialUpdate":false,"showSkybox":false,"showFlares":true,"showImageEffects":true,"showParticleSystems":true},"in2DMode":false,"pivot":{"x":-0.05584824085235596,"y":1.2924922704696656,"z":-0.24973487854003907},"rotation":{"x":0.10997896641492844,"y":-0.4376717805862427,"z":0.054399099200963977,"w":0.8907977342605591},"size":14.678617477416993,"orthographic":false}