{"cameraMode":{"drawMode":0,"name":"Shaded","section":"Shading Mode"},"sceneLighting":false,"audioPlay":false,"sceneViewState":{"showFog":true,"showMaterialUpdate":false,"showSkybox":true,"showFlares":true,"showImageEffects":true,"showParticleSystems":true},"in2DMode":false,"pivot":{"x":2.6884331703186037,"y":0.5344483852386475,"z":-4.509335041046143},"rotation":{"x":-0.10708931088447571,"y":0.5611751079559326,"z":-0.0739438533782959,"w":-0.8174856901168823},"size":8.181918144226075,"orthographic":false}