{"cameraMode":{"drawMode":0,"name":"Shaded","section":"Shading Mode"},"sceneLighting":false,"audioPlay":false,"sceneViewState":{"showFog":true,"showMaterialUpdate":false,"showSkybox":false,"showFlares":true,"showImageEffects":true,"showParticleSystems":true},"in2DMode":false,"pivot":{"x":0.0,"y":0.17973998188972474,"z":0.004102349281311035},"rotation":{"x":0.18526393175125123,"y":-0.37982097268104555,"z":0.07830159366130829,"w":0.9030033946037293},"size":1.1754863262176514,"orthographic":false}