{"cameraMode":{"drawMode":0,"name":"Shaded","section":"Shading Mode"},"sceneLighting":false,"audioPlay":false,"sceneViewState":{"showFog":true,"showMaterialUpdate":false,"showSkybox":false,"showFlares":true,"showImageEffects":true,"showParticleSystems":true},"in2DMode":false,"pivot":{"x":-9.058870315551758,"y":0.11517228931188584,"z":-0.9477887749671936},"rotation":{"x":0.11454618722200394,"y":0.88277268409729,"z":-0.28018614649772646,"w":0.3594776690006256},"size":4.242036819458008,"orthographic":false}