{"cameraMode":{"drawMode":0,"name":"Shaded","section":"Shading Mode"},"sceneLighting":false,"audioPlay":false,"sceneViewState":{"showFog":true,"showMaterialUpdate":false,"showSkybox":true,"showFlares":true,"showImageEffects":true,"showParticleSystems":true},"in2DMode":false,"pivot":{"x":4613.916015625,"y":-791.420166015625,"z":-126.69331359863281},"rotation":{"x":0.05756210908293724,"y":0.7104113698005676,"z":-0.058566685765981677,"w":0.6990236639976502},"size":4586.400390625,"orthographic":false}