{"cameraMode":{"drawMode":0,"name":"Shaded","section":"Shading Mode"},"sceneLighting":false,"audioPlay":false,"sceneViewState":{"showFog":true,"showMaterialUpdate":false,"showSkybox":false,"showFlares":true,"showImageEffects":true,"showParticleSystems":true},"in2DMode":false,"pivot":{"x":-6.931000232696533,"y":0.17900079488754273,"z":3.6389999389648439},"rotation":{"x":0.11454618722200394,"y":0.88277268409729,"z":-0.28018614649772646,"w":0.3594776690006256},"size":2.335613250732422,"orthographic":false}