{"cameraMode":{"drawMode":0,"name":"Shaded","section":"Shading Mode"},"sceneLighting":false,"audioPlay":false,"sceneViewState":{"showFog":true,"showMaterialUpdate":false,"showSkybox":false,"showFlares":true,"showImageEffects":true,"showParticleSystems":true},"in2DMode":false,"pivot":{"x":-2.2616453170776369,"y":1.971517562866211,"z":6.316934108734131},"rotation":{"x":0.1865101009607315,"y":0.813909113407135,"z":-0.39298054575920107,"w":0.385315477848053},"size":10.423296928405762,"orthographic":false}