{"cameraMode":{"drawMode":0,"name":"Shaded","section":"Shading Mode"},"sceneLighting":false,"audioPlay":false,"sceneViewState":{"showFog":true,"showMaterialUpdate":false,"showSkybox":false,"showFlares":true,"showImageEffects":true,"showParticleSystems":true},"in2DMode":false,"pivot":{"x":0.08674132823944092,"y":0.15073975920677186,"z":0.056388258934020999},"rotation":{"x":-0.11861894279718399,"y":0.47537145018577578,"z":-0.06487298011779785,"w":-0.8694602847099304},"size":3.3623440265655519,"orthographic":false}