{"cameraMode":{"drawMode":0,"name":"Shaded","section":"Shading Mode"},"sceneLighting":false,"audioPlay":false,"sceneViewState":{"showFog":true,"showMaterialUpdate":false,"showSkybox":false,"showFlares":true,"showImageEffects":true,"showParticleSystems":true},"in2DMode":false,"pivot":{"x":-0.033240169286727908,"y":0.869661808013916,"z":0.05991065502166748},"rotation":{"x":-0.1080678254365921,"y":0.7414990663528442,"z":-0.1237071305513382,"w":-0.6506407856941223},"size":3.4954774379730226,"orthographic":false}