{"cameraMode":{"drawMode":0,"name":"Shaded","section":"Shading Mode"},"sceneLighting":false,"audioPlay":false,"sceneViewState":{"showFog":true,"showMaterialUpdate":false,"showSkybox":false,"showFlares":true,"showImageEffects":true,"showParticleSystems":true},"in2DMode":false,"pivot":{"x":0.05129079520702362,"y":0.09455394744873047,"z":-0.8033833503723145},"rotation":{"x":0.11454618722200394,"y":0.88277268409729,"z":-0.28018614649772646,"w":0.3594776690006256},"size":0.7785564064979553,"orthographic":false}