{"cameraMode":{"drawMode":0,"name":"Shaded","section":"Shading Mode"},"sceneLighting":false,"audioPlay":false,"sceneViewState":{"showFog":true,"showMaterialUpdate":false,"showSkybox":false,"showFlares":true,"showImageEffects":true,"showParticleSystems":true},"in2DMode":false,"pivot":{"x":0.012732237577438355,"y":0.32781732082366946,"z":0.14986327290534974},"rotation":{"x":-0.1080678254365921,"y":0.7414990663528442,"z":-0.1237071305513382,"w":-0.6506407856941223},"size":0.7903100848197937,"orthographic":false}