{"cameraMode":{"drawMode":0,"name":"Shaded","section":"Shading Mode"},"sceneLighting":false,"audioPlay":false,"sceneViewState":{"showFog":true,"showMaterialUpdate":false,"showSkybox":true,"showFlares":true,"showImageEffects":true,"showParticleSystems":true},"in2DMode":false,"pivot":{"x":389.7146301269531,"y":-343.8590087890625,"z":-213.0680694580078},"rotation":{"x":0.19019433856010438,"y":0.8058310151100159,"z":-0.34795644879341128,"w":0.43998047709465029},"size":507.9476623535156,"orthographic":false}