{"cameraMode":{"drawMode":0,"name":"Shaded","section":"Shading Mode"},"sceneLighting":false,"audioPlay":false,"sceneViewState":{"showFog":true,"showMaterialUpdate":false,"showSkybox":false,"showFlares":true,"showImageEffects":true,"showParticleSystems":true},"in2DMode":false,"pivot":{"x":30.89668083190918,"y":4.702262878417969,"z":-25.997859954833986},"rotation":{"x":0.18526393175125123,"y":-0.37982097268104555,"z":0.07830159366130829,"w":0.9030033946037293},"size":5.8682355880737309,"orthographic":false}