{"cameraMode":{"drawMode":0,"name":"Shaded","section":"Shading Mode"},"sceneLighting":false,"audioPlay":false,"sceneViewState":{"showFog":true,"showMaterialUpdate":false,"showSkybox":false,"showFlares":true,"showImageEffects":true,"showParticleSystems":true},"in2DMode":false,"pivot":{"x":-0.14942264556884767,"y":0.2064758539199829,"z":0.1000739336013794},"rotation":{"x":0.10997896641492844,"y":-0.4376717805862427,"z":0.054399099200963977,"w":0.8907977342605591},"size":11.862878799438477,"orthographic":false}