{"cameraMode":{"drawMode":0,"name":"Shaded","section":"Shading Mode"},"sceneLighting":false,"audioPlay":false,"sceneViewState":{"showFog":true,"showMaterialUpdate":false,"showSkybox":false,"showFlares":true,"showImageEffects":true,"showParticleSystems":true},"in2DMode":false,"pivot":{"x":-0.40798044204711916,"y":0.6132376194000244,"z":-0.07038140296936035},"rotation":{"x":0.02711847424507141,"y":-0.9429300427436829,"z":0.3223468065261841,"w":0.07941536605358124},"size":2.3313798904418947,"orthographic":false}