{"cameraMode":{"drawMode":0,"name":"Shaded","section":"Shading Mode"},"sceneLighting":false,"audioPlay":false,"sceneViewState":{"showFog":true,"showMaterialUpdate":false,"showSkybox":false,"showFlares":true,"showImageEffects":true,"showParticleSystems":true},"in2DMode":false,"pivot":{"x":0.08824419975280762,"y":0.18386806547641755,"z":-0.026964187622070314},"rotation":{"x":-0.11861894279718399,"y":0.47537145018577578,"z":-0.06487298011779785,"w":-0.8694602847099304},"size":4.393618106842041,"orthographic":false}