{"cameraMode":{"drawMode":0,"name":"Shaded","section":"Shading Mode"},"sceneLighting":false,"audioPlay":false,"sceneViewState":{"showFog":true,"showMaterialUpdate":false,"showSkybox":true,"showFlares":true,"showImageEffects":true,"showParticleSystems":true},"in2DMode":false,"pivot":{"x":549.920654296875,"y":-216.28207397460938,"z":-234.79391479492188},"rotation":{"x":-0.10550612211227417,"y":-0.7596772909164429,"z":0.1274404525756836,"w":-0.6289181709289551},"size":585.0509643554688,"orthographic":false}