{"cameraMode":{"drawMode":0,"name":"Shaded","section":"Shading Mode"},"sceneLighting":false,"audioPlay":false,"sceneViewState":{"showFog":true,"showMaterialUpdate":false,"showSkybox":true,"showFlares":true,"showImageEffects":true,"showParticleSystems":true},"in2DMode":false,"pivot":{"x":-15.796773910522461,"y":5.220226287841797,"z":90.88841247558594},"rotation":{"x":0.10147326439619065,"y":0.03877519071102142,"z":-0.0037497198209166528,"w":0.9941753149032593},"size":230.52328491210938,"orthographic":false}