{"cameraMode":{"drawMode":0,"name":"Shaded","section":"Shading Mode"},"sceneLighting":false,"audioPlay":false,"sceneViewState":{"showFog":true,"showMaterialUpdate":false,"showSkybox":false,"showFlares":true,"showImageEffects":true,"showParticleSystems":true},"in2DMode":false,"pivot":{"x":-8.34000015258789,"y":0.1576816737651825,"z":2.2799999713897707},"rotation":{"x":0.11454618722200394,"y":0.88277268409729,"z":-0.28018614649772646,"w":0.3594776690006256},"size":3.2293920516967775,"orthographic":false}