{"cameraMode":{"drawMode":0,"name":"Shaded","section":"Shading Mode"},"sceneLighting":true,"audioPlay":false,"sceneViewState":{"showFog":true,"showMaterialUpdate":false,"showSkybox":true,"showFlares":true,"showImageEffects":true,"showParticleSystems":true},"in2DMode":false,"pivot":{"x":5072.74072265625,"y":-2060.825439453125,"z":-2945.55908203125},"rotation":{"x":0.078334741294384,"y":0.86185222864151,"z":-0.14374087750911714,"w":0.4804031252861023},"size":6498.6416015625,"orthographic":false}