{"cameraMode":{"drawMode":0,"name":"Shaded","section":"Shading Mode"},"sceneLighting":false,"audioPlay":false,"sceneViewState":{"showFog":true,"showMaterialUpdate":false,"showSkybox":true,"showFlares":true,"showImageEffects":true,"showParticleSystems":true},"in2DMode":false,"pivot":{"x":133.05384826660157,"y":-24.783666610717775,"z":-101.86039733886719},"rotation":{"x":0.011300583370029927,"y":0.9849516153335571,"z":-0.07075240463018418,"w":0.15735049545764924},"size":30.691265106201173,"orthographic":false}