{"cameraMode":{"drawMode":0,"name":"Shaded","section":"Shading Mode"},"sceneLighting":false,"audioPlay":false,"sceneViewState":{"showFog":true,"showMaterialUpdate":false,"showSkybox":false,"showFlares":true,"showImageEffects":true,"showParticleSystems":true},"in2DMode":false,"pivot":{"x":0.1456613540649414,"y":0.24282580614089967,"z":4.0818610191345219},"rotation":{"x":-0.1080678254365921,"y":0.7414990663528442,"z":-0.1237071305513382,"w":-0.6506407856941223},"size":1.4187699556350709,"orthographic":false}