{"cameraMode":{"drawMode":0,"name":"Shaded","section":"Shading Mode"},"sceneLighting":false,"audioPlay":false,"sceneViewState":{"showFog":true,"showMaterialUpdate":false,"showSkybox":true,"showFlares":true,"showImageEffects":true,"showParticleSystems":true},"in2DMode":false,"pivot":{"x":69.07791137695313,"y":11.811029434204102,"z":26.45992660522461},"rotation":{"x":0.1405416578054428,"y":0.002299159299582243,"z":0.0000023679242531216006,"w":0.990138828754425},"size":5.805850982666016,"orthographic":false}