{"cameraMode":{"drawMode":0,"name":"Shaded","section":"Shading Mode"},"sceneLighting":false,"audioPlay":false,"sceneViewState":{"showFog":true,"showMaterialUpdate":false,"showSkybox":true,"showFlares":true,"showImageEffects":true,"showParticleSystems":true},"in2DMode":false,"pivot":{"x":4.423856735229492,"y":-0.5281190872192383,"z":0.970695972442627},"rotation":{"x":0.11159154027700424,"y":-0.7216274738311768,"z":0.11971491575241089,"w":0.6726656556129456},"size":32.73820114135742,"orthographic":false}