{"cameraMode":{"drawMode":0,"name":"Shaded","section":"Shading Mode"},"sceneLighting":false,"audioPlay":false,"sceneViewState":{"showFog":true,"showMaterialUpdate":false,"showSkybox":false,"showFlares":true,"showImageEffects":true,"showParticleSystems":true},"in2DMode":false,"pivot":{"x":0.009755149483680725,"y":0.9267196655273438,"z":-1.8946384191513062},"rotation":{"x":0.10997896641492844,"y":-0.4376717805862427,"z":0.054399099200963977,"w":0.8907977342605591},"size":2.524174928665161,"orthographic":false}