{"cameraMode":{"drawMode":0,"name":"Shaded","section":"Shading Mode"},"sceneLighting":false,"audioPlay":false,"sceneViewState":{"showFog":true,"showMaterialUpdate":false,"showSkybox":true,"showFlares":true,"showImageEffects":true,"showParticleSystems":true},"in2DMode":false,"pivot":{"x":-3675.40576171875,"y":-10946.2109375,"z":-9464.7060546875},"rotation":{"x":0.07292529195547104,"y":-0.9001662135124207,"z":0.3961746394634247,"w":0.1657600700855255},"size":17659.837890625,"orthographic":false}