{"cameraMode":{"drawMode":0,"name":"Shaded","section":"Shading Mode"},"sceneLighting":false,"audioPlay":false,"sceneViewState":{"showFog":true,"showMaterialUpdate":false,"showSkybox":false,"showFlares":true,"showImageEffects":true,"showParticleSystems":true},"in2DMode":false,"pivot":{"x":-0.0005154907703399658,"y":0.20355597138404847,"z":0.016148336231708528},"rotation":{"x":-0.1080678254365921,"y":0.7414990663528442,"z":-0.1237071305513382,"w":-0.6506407856941223},"size":1.0142921209335328,"orthographic":false}