{"cameraMode":{"drawMode":0,"name":"Shaded","section":"Shading Mode"},"sceneLighting":false,"audioPlay":false,"sceneViewState":{"showFog":true,"showMaterialUpdate":false,"showSkybox":false,"showFlares":true,"showImageEffects":true,"showParticleSystems":true},"in2DMode":false,"pivot":{"x":0.07051385939121247,"y":0.2797176241874695,"z":-0.007549025118350983},"rotation":{"x":-0.1080678254365921,"y":0.7414990663528442,"z":-0.1237071305513382,"w":-0.6506407856941223},"size":1.5642796754837037,"orthographic":false}