{"cameraMode":{"drawMode":0,"name":"Shaded","section":"Shading Mode"},"sceneLighting":false,"audioPlay":false,"sceneViewState":{"showFog":true,"showMaterialUpdate":false,"showSkybox":false,"showFlares":true,"showImageEffects":true,"showParticleSystems":true},"in2DMode":false,"pivot":{"x":-0.21436548233032227,"y":0.1447131633758545,"z":-0.04379379749298096},"rotation":{"x":0.10997896641492844,"y":-0.4376717805862427,"z":0.054399099200963977,"w":0.8907977342605591},"size":7.8377685546875,"orthographic":false}