{"cameraMode":{"drawMode":0,"name":"Shaded","section":"Shading Mode"},"sceneLighting":false,"audioPlay":false,"sceneViewState":{"showFog":true,"showMaterialUpdate":false,"showSkybox":false,"showFlares":true,"showImageEffects":true,"showParticleSystems":true},"in2DMode":false,"pivot":{"x":-0.15435627102851869,"y":0.8504509925842285,"z":2.0975570678710939},"rotation":{"x":0.10997896641492844,"y":-0.4376717805862427,"z":0.054399099200963977,"w":0.8907977342605591},"size":2.1240410804748537,"orthographic":false}